Date,Créneau,Type
19-01-25,09:00 - 12:59,MC
19-01-25,18:00 - 23:59,SS
20-01-25,07:00 - 12:59,SM
21-01-25,07:00 - 12:59,SM
22-01-25,13:00 - 17:59,CA
22-01-25,18:00 - 22:59,CS
28-01-25,07:00 - 12:59,ML
28-01-25,13:00 - 17:59,CA
29-01-25,09:00 - 12:59,CM
29-01-25,20:00 - 23:59,NC
31-01-25,09:00 - 12:59,CM
31-01-25,18:00 - 23:59,SS
01-02-25,18:00 - 23:59,RS
02-02-25,09:00 - 12:59,CM
02-02-25,13:00 - 17:59,CA
03-02-25,11:00 - 15:59,CT
04-02-25,09:00 - 12:59,CM
04-02-25,18:00 - 22:59,HS
05-02-25,13:00 - 17:59,CA
05-02-25,18:00 - 22:59,CS
07-02-25,11:00 - 15:59,CT
08-02-25,18:00 - 22:59,NA
10-02-25,20:00 - 06:59,NL
17-02-25,20:00 - 01:59,NM
18-02-25,20:00 - 06:59,NL
21-02-25,07:00 - 12:59,MM
22-02-25,13:00 - 17:59,CA
23-02-25,09:00 - 12:59,CM
23-02-25,13:00 - 19:59,AL
24-02-25,09:00 - 12:59,CM
24-02-25,20:00 - 23:59,NC
25-02-25,20:00 - 01:59,NM
26-02-25,20:00 - 06:59,NL
28-02-25,20:00 - 06:59,NR
01-03-25,20:00 - 01:59,NM
02-03-25,09:00 - 12:59,HM
02-03-25,20:00 - 01:59,NM
10-03-25,09:00 - 12:59,HM
10-03-25,18:00 - 23:59,RS
11-03-25,20:00 - 01:59,NM
12-03-25,20:00 - 06:59,NL
15-03-25,07:00 - 12:59,ML
15-03-25,13:00 - 17:59,CA
16-03-25,09:00 - 12:59,RM
16-03-25,13:00 - 17:59,RA
17-03-25,13:00 - 17:59,CA
17-03-25,18:00 - 22:59,CS
18-03-25,20:00 - 01:59,NM
19-03-25,20:00 - 06:59,NL
22-03-25,09:00 - 12:59,CM
22-03-25,13:00 - 19:59,AL
23-03-25,07:00 - 12:59,ML
23-03-25,13:00 - 17:59,CA
24-03-25,07:00 - 12:59,ML
24-03-25,13:00 - 17:59,HA
25-03-25,09:00 - 12:59,CM
25-03-25,18:00 - 23:59,RS
27-03-25,07:00 - 12:59,ML
27-03-25,13:00 - 17:59,CA
29-03-25,13:00 - 17:59,HA
29-03-25,18:00 - 22:59,HS
30-03-25,09:00 - 12:59,CM
30-03-25,18:00 - 22:59,CS
08-04-25,07:00 - 12:59,ML
08-04-25,13:00 - 17:59,CA
09-04-25,07:00 - 12:59,MM
10-04-25,18:00 - 23:59,SS
11-04-25,20:00 - 01:59,NM
12-04-25,20:00 - 06:59,NL
14-04-25,18:00 - 22:59,HS
15-04-25,11:00 - 15:59,CT
16-04-25,20:00 - 06:59,NZ
19-04-25,09:00 - 12:59,CM
19-04-25,13:00 - 19:59,AL
20-04-25,07:00 - 12:59,SM
20-04-25,13:00 - 17:59,SA
21-04-25,09:00 - 12:59,HM
21-04-25,18:00 - 22:59,HS
22-04-25,20:00 - 06:59,NL
24-04-25,07:00 - 12:59,ML
24-04-25,13:00 - 17:59,HA
25-04-25,09:00 - 12:59,HM
25-04-25,18:00 - 23:59,RS
26-04-25,13:00 - 17:59,RA
26-04-25,18:00 - 23:59,RS
27-04-25,13:00 - 17:59,AC
27-04-25,18:00 - 23:59,SS
05-05-25,09:00 - 12:59,HM
06-05-25,18:00 - 23:59,SS
07-05-25,20:00 - 23:59,NC
08-05-25,20:00 - 01:59,NM
09-05-25,20:00 - 06:59,NL
11-05-25,13:00 - 17:59,HA
12-05-25,07:00 - 12:59,ML
14-05-25,07:00 - 12:59,MM
